ticket_id,date_creation,date_resolution,statut,priorite,categorie,sous_categorie,sujet,description,solution_apportee,agent,satisfaction_client,temps_resolution_heures
TK-2026-0001,2026-01-03 08:12,2026-01-03 09:45,Résolu,P3,Compte,Mot de passe,Impossible de se connecter après changement de mot de passe,"Le client indique qu'il a changé son mot de passe hier soir et qu'il ne peut plus se connecter ce matin. Erreur : 'Identifiants incorrects'","Vérification dans admin : le client avait saisi son ancien mot de passe dans le champ 'nouveau mot de passe'. Réinitialisation effectuée et nouveau mot de passe envoyé. Client reconnecté avec succès.",Marie Dupont,5,1.5
TK-2026-0002,2026-01-03 10:30,2026-01-04 11:00,Résolu,P2,Facturation,Contestation facture,"Contestation facture janvier 2026 — montant 199€ au lieu de 79€","Client sur plan Pro (79€/mois) a reçu une facture Business (199€/mois). Il n'a pas demandé de changement de plan.","Vérification : une migration automatique erronée a été déclenchée suite à un bug du 02/01. Avoir de 120€ créé. Plan remis en Pro. Incident remonté à l'équipe technique.",Thomas Martin,4,24.5
TK-2026-0003,2026-01-04 14:22,2026-01-04 15:10,Résolu,P3,Technique,Performance,"Application lente depuis ce matin","Temps de chargement > 30 secondes sur toutes les pages. Le problème touche 3 utilisateurs de la même entreprise.","Vérification status.techvision.fr : aucun incident. Demande de diagnostic : tous les utilisateurs sur le même réseau WiFi entreprise. Solution : passer en filaire ou contacter le service IT pour optimiser la bande passante. Problème réseau client.",Sophie Bernard,3,0.8
TK-2026-0004,2026-01-05 09:00,2026-01-05 09:30,Résolu,P3,Compte,Email confirmation,"Email de confirmation non reçu à l'inscription","Nouveau client inscrit hier soir, n'a toujours pas reçu l'email de confirmation malgré 3 tentatives de renvoi.","Vérification : domaine entreprise client (acme-corp.fr) bloque les emails externes. Conseillé de contacter le service IT pour whitelist techvision.fr. En attendant : confirmation manuelle du compte effectuée depuis l'admin.",Pierre Leroy,5,0.5
TK-2026-0005,2026-01-06 11:15,2026-01-07 16:00,Résolu,P1,Sécurité,Accès non autorisé,"Accès suspect au compte — connexions depuis l'étranger","Client signale des connexions depuis l'Inde et le Brésil alors qu'il est basé en France. Il n'est pas à l'origine de ces connexions.","URGENCE SÉCURITÉ : compte suspendu immédiatement. Toutes les sessions révoquées. Mot de passe réinitialisé. Ticket SEC-BREACH créé. Équipe sécurité notifiée. Analyse des logs en cours. Client rappelé sous 15 minutes. Recommandation : activer l'authentification 2 facteurs.",Julie Moreau,5,29
TK-2026-0006,2026-01-07 08:45,2026-01-07 10:00,Résolu,P3,Abonnement,Résiliation,"Demande de résiliation abonnement Pro","Client souhaite résilier son abonnement Pro (79€/mois). Motif : trop cher, utilise peu la solution.","Tentative de rétention : offre FIDELITE20 proposée (20% de réduction pendant 3 mois = 63,20€/mois). Client a accepté. Résiliation annulée. Code promo appliqué. Suivi prévu dans 3 mois.",Marc Petit,4,1.25
TK-2026-0007,2026-01-08 13:20,2026-01-09 09:00,Résolu,P2,Technique,Intégration API,"Intégration Zapier ne fonctionne plus depuis hier","Les automatisations Zapier du client ne s'exécutent plus. Erreur : 'API key invalid or expired'","Vérification : clé API du client expirée (durée de vie 90 jours — politique de sécurité). Nouvelle clé générée et transmise de façon sécurisée via le portail admin. Instructions de mise à jour dans Zapier envoyées par email.",Claire Simon,4,19.7
TK-2026-0008,2026-01-09 10:00,2026-01-09 10:45,Résolu,P3,Facturation,Changement plan,"Demande de passage plan Starter vers plan Business","PME de 45 salariés dépasse les 25 utilisateurs du plan Pro. Souhaite passer en Business.","Upgrade immédiat vers plan Business (199€/mois). Facturation au prorata : 12 jours restants dans le mois = 77,03€ de différence facturés immédiatement. Client informé et accord confirmé par email.",Nicolas Roux,5,0.75
TK-2026-0009,2026-01-10 15:30,2026-01-13 11:00,Résolu,P1,Données,Perte de données,"Données de 2 projets disparues après mise à jour","Après la mise à jour de ce matin, le client ne trouve plus 2 projets importants contenant 150 documents.","PRIORITÉ P1 : escalade immédiate à l'équipe technique. Analyse des logs : données présentes en base, problème d'affichage suite au déploiement v4.2.1. Patch correctif déployé sous 6h. Données retrouvées intactes. Client informé et rassuré.",Emma Fontaine,5,67.5
TK-2026-0010,2026-01-12 09:00,2026-01-12 09:20,Résolu,P4,Compte,Export données,"Comment exporter toutes mes données en CSV","Client souhaite exporter l'ensemble de ses données pour une analyse externe sous Excel.","Guidé pas à pas : Paramètres → Mon compte → Données → Export → Format CSV. Délai de génération : 12 minutes (volume moyen). Client a reçu le lien de téléchargement et confirmé le succès.",Lucie Garnier,5,0.33
TK-2026-0011,2026-01-13 11:30,2026-01-14 14:00,Résolu,P2,Technique,Navigateur,"Application non compatible avec Safari 15","Équipe marketing (8 utilisateurs Mac) ne peut pas accéder à l'application. Écran blanc sur Safari 15.","Vérification : Safari 15 n'est plus supporté depuis notre mise à jour v4.2 (politique de support : Safari 16+). Recommandation : mise à jour macOS vers Ventura ou Sonoma pour obtenir Safari 16+. En attendant : Chrome ou Firefox disponibles sur Mac.",Antoine Dubois,3,26.5
TK-2026-0012,2026-01-14 16:00,2026-01-14 16:30,Résolu,P3,Compte,Modification email,"Demande de changement d'adresse email principale","Client a changé de domaine email suite à une fusion d'entreprise. Souhaite mettre à jour son email de contact.","Vérification d'identité effectuée (nom, prénom, numéro de téléphone). Modification email : ancien@ancienne-societe.fr → nouveau@nouvelle-societe.fr. Confirmation envoyée aux deux adresses. Client a confirmé depuis la nouvelle adresse.",Camille Laurent,5,0.5
TK-2026-0013,2026-01-15 08:00,2026-01-15 11:00,Résolu,P2,Facturation,Remboursement,"Double facturation constatée pour décembre 2025","Client a été débité deux fois en décembre : le 1er et le 15 décembre. Montant : 2 x 79€ = 158€.","Vérification : bug de facturation du 15/12 (incident connu). Avoir de 79€ créé immédiatement. Remboursement sur carte bancaire sous 5 à 10 jours ouvrés. Email de confirmation envoyé. Incident lié au bug de migration du système de paiement.",Théo Blanc,5,3
TK-2026-0014,2026-01-16 14:00,2026-01-19 10:00,Résolu,P2,Technique,Performance,"Uploads de fichiers échouent au-delà de 50 Mo","Le client ne peut pas uploader des fichiers vidéo de formation (entre 100 et 500 Mo). Erreur : 'File too large'","Vérification : limite upload plan Pro = 50 Mo par fichier. Solutions proposées : 1) Upgrade vers plan Business (limite 500 Mo) 2) Compression des vidéos avant upload 3) Utilisation de l'intégration Google Drive. Client a choisi l'intégration Google Drive (guide envoyé).",Marie Dupont,4,68
TK-2026-0015,2026-01-20 09:30,2026-01-20 10:00,Résolu,P3,Abonnement,Facture,"Demande de facture avec numéro de TVA pour comptabilité","PME souhaite récupérer toutes ses factures 2025 avec le numéro de TVA de TechVision pour sa comptabilité annuelle.","Numéro de TVA TechVision : FR12345678901. Factures 2025 disponibles dans Admin → Facturation → Historique. Guide envoyé pour télécharger en lot. Facture récapitulative annuelle disponible sur demande (traitement sous 48h).",Thomas Martin,5,0.5
TK-2026-0016,2026-01-21 11:00,2026-01-22 15:00,Résolu,P2,Sécurité,Authentification,"Demande d'activation authentification 2 facteurs pour toute l'équipe","Responsable IT souhaite rendre le 2FA obligatoire pour les 45 comptes de son organisation.","Plan Business : 2FA obligatoire configurable au niveau organisation. Admin → Organisation → Sécurité → '2FA obligatoire' → Activer. Les utilisateurs auront 7 jours pour configurer leur 2FA avant d'être bloqués. Guide de déploiement envoyé.",Sophie Bernard,5,28
TK-2026-0017,2026-01-23 14:30,2026-01-23 15:00,Résolu,P4,Général,Formation,"Où trouver les tutoriels vidéo de formation ?","Nouveau client souhaite former son équipe à l'utilisation de la plateforme.","Ressources de formation disponibles : 1) Centre d'aide : aide.techvision.fr 2) Tutoriels vidéo : aide.techvision.fr/videos 3) Webinaires live : webinaires.techvision.fr (chaque jeudi 14h) 4) Formation personnalisée : contacter commercial@techvision.fr (inclus plan Enterprise).",Pierre Leroy,5,0.5
TK-2026-0018,2026-01-24 09:00,2026-01-24 09:30,Résolu,P3,Technique,Intégration,"Synchronisation Salesforce ne remonte pas les nouveaux contacts","L'intégration Salesforce est configurée depuis 3 mois mais les nouveaux contacts Salesforce n'apparaissent pas dans TechVision.","Diagnostic : la synchronisation est configurée en sens unique (TechVision → Salesforce). Pour la synchronisation bidirectionnelle : Admin → Intégrations → Salesforce → 'Activer sync bidirectionnelle'. La synchronisation initiale peut prendre jusqu'à 2 heures.",Julie Moreau,4,0.5
TK-2026-0019,2026-01-25 16:00,2026-01-28 10:00,Résolu,P1,Données,Corruption,"Rapports hebdomadaires affichent des données incohérentes","Les rapports générés depuis vendredi affichent des totaux erronés. Écart constaté de 30% par rapport aux données réelles.","P1 escaladé : investigation technique. Cause identifiée : bug de calcul introduit dans la version 4.2.3 du 24/01. Patch 4.2.4 déployé le 28/01. Recalcul automatique des rapports des 4 derniers jours. Client informé. Rapport corrigé envoyé manuellement.",Emma Fontaine,4,90
TK-2026-0020,2026-01-28 11:00,2026-01-28 11:30,Résolu,P3,Compte,Permissions,"Comment donner des droits administrateur à un collaborateur ?","Le directeur souhaite déléguer l'administration du compte à son assistant.","Procédure : Admin → Utilisateurs → Sélectionner l'utilisateur → 'Modifier le rôle' → Choisir 'Administrateur'. Attention : le rôle Administrateur donne accès à la facturation, aux données de tous les utilisateurs et aux paramètres de sécurité. Confirmation du directeur obtenue avant modification.",Marc Petit,5,0.5
